日期,平台,版本,一级页面,页面,分项,标签id,一级点击率,一级页曝光,一级页点击
20210818,android,书库,免费,女生,人物,total,0.3401885175664096,2334,794
20210818,android,书库,免费,女生,情节,total,0.5601440576230492,4165,2333
20210818,android,书库,免费,女生,热门,total,0.20599707459775718,4102,845
20210818,android,书库,免费,女生,风格,total,0.16590126291618829,1742,289
20210818,android,书库,免费,男生,人物,total,0.12053753223836025,7367,888
20210818,android,书库,免费,男生,流派,total,0.5092292342229983,8018,4083
20210818,android,书库,免费,男生,热门,total,0.3660130718954248,7956,2912
20210818,android,书库,免费,男生,风格,total,0.10377942998760843,3228,335
20210818,android,书库,全部,女生,人物,total,0.3513711151736746,2735,961
20210818,android,书库,全部,女生,情节,total,0.6365760407816483,4708,2997
20210818,android,书库,全部,女生,热门,total,0.14881720430107526,4650,692
20210818,android,书库,全部,女生,风格,total,0.21124729632299927,1387,293
20210818,android,书库,全部,男生,人物,total,0.25950477675960226,5129,1331
20210818,android,书库,全部,男生,流派,total,0.5678064033716267,14711,8353
20210818,android,书库,全部,男生,热门,total,0.3789727680110307,14505,5497
20210818,android,书库,全部,男生,风格,total,0.22847100175746923,2845,650
20210818,android,分类标签页-一级页,免费,女生,人物,total,0.18966565349544073,1645,312
20210818,android,分类标签页-一级页,免费,女生,全部分类,total,0.450062893081761,7950,3578
20210818,android,分类标签页-一级页,免费,女生,情节,total,0.19950603732162459,3644,727
20210818,android,分类标签页-一级页,免费,女生,热门,total,0.11751918158567774,7820,919
20210818,android,分类标签页-一级页,免费,女生,风格,total,0.1836925960637301,1067,196
20210818,android,分类标签页-一级页,免费,男生,人物,total,0.16012954300107954,2779,445
20210818,android,分类标签页-一级页,免费,男生,全部分类,total,0.3864027061498364,18033,6968
20210818,android,分类标签页-一级页,免费,男生,流派,total,0.3588324106693508,3974,1426
20210818,android,分类标签页-一级页,免费,男生,热门,total,0.11130742049469965,16414,1827
20210818,android,分类标签页-一级页,免费,男生,风格,total,0.12320764737121614,1883,232
20210818,android,分类标签页-一级页,全部,女生,人物,total,0.15985663082437276,1395,223
20210818,android,分类标签页-一级页,全部,女生,全部分类,total,0.5217981340118745,5895,3076
20210818,android,分类标签页-一级页,全部,女生,情节,total,0.2307373653686827,2414,557
20210818,android,分类标签页-一级页,全部,女生,热门,total,0.13617677286742036,5838,795
20210818,android,分类标签页-一级页,全部,女生,风格,total,0.23991507430997877,942,226
20210818,android,分类标签页-一级页,全部,男生,人物,total,0.19789356984478937,3608,714
20210818,android,分类标签页-一级页,全部,男生,全部分类,total,0.6200925870257921,16633,10314
20210818,android,分类标签页-一级页,全部,男生,流派,total,0.38919558359621453,5072,1974
20210818,android,分类标签页-一级页,全部,男生,热门,total,0.1726805758133046,15769,2723
20210818,android,分类标签页-一级页,全部,男生,风格,total,0.1998320738874895,2382,476
20210818,android,分类标签页-查看更多,二级页,二级页,二级页,total,0.8392603129445235,3515,2950
20210818,ios,书库,全部,女生,人物,total,0.26666666666666666,15,4
20210818,ios,书库,全部,女生,情节,total,0.6176470588235294,34,21
20210818,ios,书库,全部,女生,风格,total,0.0,8,0
20210818,ios,书库,全部,男生,人物,total,0.4,10,4
20210818,ios,书库,全部,男生,流派,total,0.6326530612244898,49,31
20210818,ios,书库,全部,男生,风格,total,0.0,5,0
20210818,ios,分类标签页-一级页,免费,女生,人物,total,0.11439114391143912,271,31
20210818,ios,分类标签页-一级页,免费,女生,全部分类,total,0.3357856016815554,1903,639
20210818,ios,分类标签页-一级页,免费,女生,情节,total,0.11972633979475485,877,105
20210818,ios,分类标签页-一级页,免费,女生,流派,total,0.5,2,1
20210818,ios,分类标签页-一级页,免费,女生,热门,total,0.07150368033648791,1902,136
20210818,ios,分类标签页-一级页,免费,女生,风格,total,0.16666666666666666,180,30
20210818,ios,分类标签页-一级页,免费,男生,人物,total,0.12974683544303797,316,41
20210818,ios,分类标签页-一级页,免费,男生,全部分类,total,0.26965654271927336,3523,950
20210818,ios,分类标签页-一级页,免费,男生,情节,total,0.0,2,0
20210818,ios,分类标签页-一级页,免费,男生,流派,total,0.255859375,512,131
20210818,ios,分类标签页-一级页,免费,男生,热门,total,0.049985799488781596,3521,176
20210818,ios,分类标签页-一级页,免费,男生,风格,total,0.091324200913242,219,20
20210818,ios,分类标签页-一级页,全部,女生,人物,total,0.10077519379844961,258,26
20210818,ios,分类标签页-一级页,全部,女生,全部分类,total,0.36069114470842334,1852,668
20210818,ios,分类标签页-一级页,全部,女生,情节,total,0.14833333333333334,600,89
20210818,ios,分类标签页-一级页,全部,女生,流派,total,0.0,2,0
20210818,ios,分类标签页-一级页,全部,女生,热门,total,0.07038440714672442,1847,130
20210818,ios,分类标签页-一级页,全部,女生,风格,total,0.24096385542168675,166,40
20210818,ios,分类标签页-一级页,全部,男生,人物,total,0.14803625377643503,662,98
20210818,ios,分类标签页-一级页,全部,男生,全部分类,total,0.4552864462040056,4294,1955
20210818,ios,分类标签页-一级页,全部,男生,流派,total,0.3053435114503817,917,280
20210818,ios,分类标签页-一级页,全部,男生,热门,total,0.09799813780260708,4296,421
20210818,ios,分类标签页-一级页,全部,男生,风格,total,0.1554524361948956,431,67
20210818,ios,分类标签页-查看更多,二级页,二级页,二级页,total,0.8541666666666666,432,369
20210819,android,书库,免费,女生,人物,total,0.3213128038897893,2468,793
20210819,android,书库,免费,女生,情节,total,0.5597888455359192,4357,2439
20210819,android,书库,免费,女生,热门,total,0.20831398049233626,4306,897
20210819,android,书库,免费,女生,风格,total,0.14892443463872035,1813,270
20210819,android,书库,免费,男生,人物,total,0.11618144888287069,7385,858
20210819,android,书库,免费,男生,流派,total,0.4976344621513944,8032,3997
20210819,android,书库,免费,男生,热门,total,0.3587901701323251,7935,2847
20210819,android,书库,免费,男生,风格,total,0.10881979695431472,3152,343
20210819,android,书库,全部,女生,人物,total,0.36136023916292975,2676,967
20210819,android,书库,全部,女生,情节,total,0.6406779661016949,4720,3024
20210819,android,书库,全部,女生,热门,total,0.15698924731182795,4650,730
20210819,android,书库,全部,女生,风格,total,0.20760233918128654,1368,284
20210819,android,书库,全部,男生,人物,total,0.26549730914889375,5017,1332
20210819,android,书库,全部,男生,流派,total,0.5691123935147019,14556,8284
20210819,android,书库,全部,男生,热门,total,0.3806905192816372,14366,5469
20210819,android,书库,全部,男生,风格,total,0.2357293868921776,2838,669
20210819,android,分类标签页-一级页,免费,女生,人物,total,0.15905147484094853,1729,275
20210819,android,分类标签页-一级页,免费,女生,全部分类,total,0.4447953358435564,8233,3662
20210819,android,分类标签页-一级页,免费,女生,情节,total,0.20586708203530635,3852,793
20210819,android,分类标签页-一级页,免费,女生,热门,total,0.11252000492428905,8123,914
20210819,android,分类标签页-一级页,免费,女生,风格,total,0.1781305114638448,1134,202
20210819,android,分类标签页-一级页,免费,男生,人物,total,0.1608540925266904,2810,452
20210819,android,分类标签页-一级页,免费,男生,全部分类,total,0.380210299272041,18545,7051
20210819,android,分类标签页-一级页,免费,男生,流派,total,0.34167893961708395,4074,1392
20210819,android,分类标签页-一级页,免费,男生,热门,total,0.10918523758990685,16962,1852
20210819,android,分类标签页-一级页,免费,男生,风格,total,0.12870762711864406,1888,243
20210819,android,分类标签页-一级页,全部,女生,人物,total,0.148068669527897,1398,207
20210819,android,分类标签页-一级页,全部,女生,全部分类,total,0.5188790065447223,5959,3092
20210819,android,分类标签页-一级页,全部,女生,情节,total,0.2347791484281735,2513,590
20210819,android,分类标签页-一级页,全部,女生,热门,total,0.13555291319857313,5887,798
20210819,android,分类标签页-一级页,全部,女生,风格,total,0.23752711496746204,922,219
20210819,android,分类标签页-一级页,全部,男生,人物,total,0.19523017193566278,3606,704
20210819,android,分类标签页-一级页,全部,男生,全部分类,total,0.6150155912688894,16676,10256
20210819,android,分类标签页-一级页,全部,男生,流派,total,0.3810264385692068,5144,1960
20210819,android,分类标签页-一级页,全部,男生,热门,total,0.17120770498035737,15782,2702
20210819,android,分类标签页-一级页,全部,男生,风格,total,0.21617021276595744,2350,508
20210819,android,分类标签页-查看更多,二级页,二级页,二级页,total,0.8203627852545348,3418,2804
20210819,ios,书库,全部,女生,人物,total,0.23076923076923078,13,3
20210819,ios,书库,全部,女生,情节,total,0.65625,32,21
20210819,ios,书库,全部,女生,风格,total,0.3333333333333333,6,2
20210819,ios,书库,全部,男生,人物,total,0.35,20,7
20210819,ios,书库,全部,男生,流派,total,0.6142857142857143,70,43
20210819,ios,书库,全部,男生,风格,total,0.4166666666666667,12,5
20210819,ios,分类标签页-一级页,免费,女生,人物,total,0.15593220338983052,295,46
20210819,ios,分类标签页-一级页,免费,女生,全部分类,total,0.3170847136772362,2113,670
20210819,ios,分类标签页-一级页,免费,女生,情节,total,0.12079207920792079,1010,122
20210819,ios,分类标签页-一级页,免费,女生,热门,total,0.06466951973371374,2103,136
20210819,ios,分类标签页-一级页,免费,女生,风格,total,0.18041237113402062,194,35
20210819,ios,分类标签页-一级页,免费,男生,人物,total,0.11370262390670553,343,39
20210819,ios,分类标签页-一级页,免费,男生,全部分类,total,0.26573816155988855,3590,954
20210819,ios,分类标签页-一级页,免费,男生,流派,total,0.21832358674463936,513,112
20210819,ios,分类标签页-一级页,免费,男生,热门,total,0.045200892857142856,3584,162
20210819,ios,分类标签页-一级页,免费,男生,风格,total,0.088,250,22
20210819,ios,分类标签页-一级页,全部,女生,人物,total,0.10843373493975904,249,27
20210819,ios,分类标签页-一级页,全部,女生,全部分类,total,0.3608029582673006,1893,683
20210819,ios,分类标签页-一级页,全部,女生,情节,total,0.15235008103727715,617,94
20210819,ios,分类标签页-一级页,全部,女生,热门,total,0.07932310946589106,1891,150
20210819,ios,分类标签页-一级页,全部,女生,风格,total,0.19310344827586207,145,28
20210819,ios,分类标签页-一级页,全部,男生,人物,total,0.16352201257861634,636,104
20210819,ios,分类标签页-一级页,全部,男生,全部分类,total,0.4550884447507466,4353,1981
20210819,ios,分类标签页-一级页,全部,男生,流派,total,0.3089700996677741,903,279
20210819,ios,分类标签页-一级页,全部,男生,热门,total,0.0983004134129536,4354,428
20210819,ios,分类标签页-一级页,全部,男生,风格,total,0.13636363636363635,418,57
20210819,ios,分类标签页-查看更多,二级页,二级页,二级页,total,0.8600451467268623,443,381
20210820,android,书库,免费,女生,人物,total,0.32701222081753056,2373,776
20210820,android,书库,免费,女生,情节,total,0.55221027479092,4185,2311
20210820,android,书库,免费,女生,热门,total,0.21200387221684414,4132,876
20210820,android,书库,免费,女生,风格,total,0.15841584158415842,1717,272
20210820,android,书库,免费,男生,人物,total,0.11588284990143621,7102,823
20210820,android,书库,免费,男生,流派,total,0.5091189314153609,7786,3964
20210820,android,书库,免费,男生,热门,total,0.36858475894245724,7716,2844
20210820,android,书库,免费,男生,风格,total,0.1087866108786611,3107,338
20210820,android,书库,全部,女生,人物,total,0.3601518026565465,2635,949
20210820,android,书库,全部,女生,情节,total,0.6427487535226534,4613,2965
20210820,android,书库,全部,女生,热门,total,0.15538461538461537,4550,707
20210820,android,书库,全部,女生,风格,total,0.20478325859491778,1338,274
20210820,android,书库,全部,男生,人物,total,0.26713286713286716,5005,1337
20210820,android,书库,全部,男生,流派,total,0.5665088838581327,14577,8258
20210820,android,书库,全部,男生,热门,total,0.3663703292123906,14398,5275
20210820,android,书库,全部,男生,风格,total,0.21880650994575046,2765,605
20210820,android,分类标签页-一级页,免费,女生,人物,total,0.20116959064327486,1710,344
20210820,android,分类标签页-一级页,免费,女生,全部分类,total,0.43927618605730195,8621,3787
20210820,android,分类标签页-一级页,免费,女生,情节,total,0.20190380761523047,3992,806
20210820,android,分类标签页-一级页,免费,女生,热门,total,0.11580061133317658,8506,985
20210820,android,分类标签页-一级页,免费,女生,风格,total,0.15715539947322213,1139,179
20210820,android,分类标签页-一级页,免费,男生,人物,total,0.16267776621574748,2883,469
20210820,android,分类标签页-一级页,免费,男生,全部分类,total,0.3706467661691542,18894,7003
20210820,android,分类标签页-一级页,免费,男生,流派,total,0.3385365853658537,4100,1388
20210820,android,分类标签页-一级页,免费,男生,热门,total,0.10263203363474054,17363,1782
20210820,android,分类标签页-一级页,免费,男生,风格,total,0.1328125,1920,255
20210820,android,分类标签页-一级页,全部,女生,人物,total,0.1467044649184975,1411,207
20210820,android,分类标签页-一级页,全部,女生,全部分类,total,0.5083713850837138,5913,3006
20210820,android,分类标签页-一级页,全部,女生,情节,total,0.2357429718875502,2490,587
20210820,android,分类标签页-一级页,全部,女生,热门,total,0.14197847257816504,5853,831
20210820,android,分类标签页-一级页,全部,女生,风格,total,0.25969827586206895,928,241
20210820,android,分类标签页-一级页,全部,男生,人物,total,0.19926512153759185,3538,705
20210820,android,分类标签页-一级页,全部,男生,全部分类,total,0.6143152015541525,16472,10119
20210820,android,分类标签页-一级页,全部,男生,流派,total,0.37437736600916516,5019,1879
20210820,android,分类标签页-一级页,全部,男生,热门,total,0.16522629793227067,15621,2581
20210820,android,分类标签页-一级页,全部,男生,风格,total,0.19931418774110587,2333,465
20210820,android,分类标签页-查看更多,二级页,二级页,二级页,total,0.8160141301148072,3397,2772
20210820,ios,书库,全部,女生,人物,total,0.1875,16,3
20210820,ios,书库,全部,女生,情节,total,0.7222222222222222,36,26
20210820,ios,书库,全部,女生,风格,total,0.4,5,2
20210820,ios,书库,全部,男生,人物,total,0.25,12,3
20210820,ios,书库,全部,男生,流派,total,0.5882352941176471,51,30
20210820,ios,书库,全部,男生,风格,total,0.2222222222222222,9,2
20210820,ios,分类标签页-一级页,免费,女生,人物,total,0.10752688172043011,279,30
20210820,ios,分类标签页-一级页,免费,女生,全部分类,total,0.29096283783783783,2368,689
20210820,ios,分类标签页-一级页,免费,女生,情节,total,0.08774834437086093,1208,106
20210820,ios,分类标签页-一级页,免费,女生,热门,total,0.06088794926004228,2365,144
20210820,ios,分类标签页-一级页,免费,女生,风格,total,0.13043478260869565,184,24
20210820,ios,分类标签页-一级页,免费,男生,人物,total,0.10632183908045977,348,37
20210820,ios,分类标签页-一级页,免费,男生,全部分类,total,0.2537917087967644,3956,1004
20210820,ios,分类标签页-一级页,免费,男生,情节,total,0.0,5,0
20210820,ios,分类标签页-一级页,免费,男生,流派,total,0.2206896551724138,580,128
20210820,ios,分类标签页-一级页,免费,男生,热门,total,0.05135340247912978,3953,203
20210820,ios,分类标签页-一级页,免费,男生,风格,total,0.08870967741935484,248,22
20210820,ios,分类标签页-一级页,全部,女生,人物,total,0.11888111888111888,286,34
20210820,ios,分类标签页-一级页,全部,女生,全部分类,total,0.36879795396419435,1955,721
20210820,ios,分类标签页-一级页,全部,女生,情节,total,0.16265060240963855,664,108
20210820,ios,分类标签页-一级页,全部,女生,流派,total,0.0,1,0
20210820,ios,分类标签页-一级页,全部,女生,热门,total,0.08,1950,156
20210820,ios,分类标签页-一级页,全部,女生,风格,total,0.24615384615384617,195,48
20210820,ios,分类标签页-一级页,全部,男生,人物,total,0.17024539877300612,652,111
20210820,ios,分类标签页-一级页,全部,男生,全部分类,total,0.44559585492227977,4439,1978
20210820,ios,分类标签页-一级页,全部,男生,情节,total,0.0,2,0
20210820,ios,分类标签页-一级页,全部,男生,流派,total,0.324235807860262,916,297
20210820,ios,分类标签页-一级页,全部,男生,热门,total,0.09903218546027459,4443,440
20210820,ios,分类标签页-一级页,全部,男生,风格,total,0.1585081585081585,429,68
20210820,ios,分类标签页-查看更多,二级页,二级页,二级页,total,0.8302752293577982,436,362
20210821,android,书库,免费,女生,人物,total,0.3378712871287129,2424,819
20210821,android,书库,免费,女生,情节,total,0.574140831530882,4161,2389
20210821,android,书库,免费,女生,热门,total,0.21498054474708173,4112,884
20210821,android,书库,免费,女生,风格,total,0.15202702702702703,1776,270
20210821,android,书库,免费,男生,人物,total,0.11516097007516664,7051,812
20210821,android,书库,免费,男生,流派,total,0.5058762078871768,7658,3874
20210821,android,书库,免费,男生,热门,total,0.35326659641728136,7592,2682
20210821,android,书库,免费,男生,风格,total,0.11104020421186982,3134,348
20210821,android,书库,全部,女生,人物,total,0.3683607183798242,2617,964
20210821,android,书库,全部,女生,情节,total,0.6285776709635132,4577,2877
20210821,android,书库,全部,女生,热门,total,0.15244848216264126,4513,688
20210821,android,书库,全部,女生,风格,total,0.18222222222222223,1350,246
20210821,android,书库,全部,男生,人物,total,0.26655730982161163,4877,1300
20210821,android,书库,全部,男生,流派,total,0.558973999579508,14269,7976
20210821,android,书库,全部,男生,热门,total,0.3735256501350007,14074,5257
20210821,android,书库,全部,男生,风格,total,0.24854014598540147,2740,681
20210821,android,分类标签页-一级页,免费,女生,人物,total,0.18980667838312829,1707,324
20210821,android,分类标签页-一级页,免费,女生,全部分类,total,0.4278754752851711,8416,3601
20210821,android,分类标签页-一级页,免费,女生,情节,total,0.19735839471678943,3937,777
20210821,android,分类标签页-一级页,免费,女生,热门,total,0.1151946017592481,8299,956
20210821,android,分类标签页-一级页,免费,女生,风格,total,0.1831726555652936,1141,209
20210821,android,分类标签页-一级页,免费,男生,人物,total,0.15838832928100036,2879,456
20210821,android,分类标签页-一级页,免费,男生,全部分类,total,0.3700378071833648,19044,7047
20210821,android,分类标签页-一级页,免费,男生,流派,total,0.3290167865707434,4170,1372
20210821,android,分类标签页-一级页,免费,男生,热门,total,0.10226884049709269,17542,1794
20210821,android,分类标签页-一级页,免费,男生,风格,total,0.10523613963039015,1948,205
20210821,android,分类标签页-一级页,全部,女生,人物,total,0.15592203898050974,1334,208
20210821,android,分类标签页-一级页,全部,女生,全部分类,total,0.5157769060208085,5863,3024
20210821,android,分类标签页-一级页,全部,女生,情节,total,0.24543189368770765,2408,591
20210821,android,分类标签页-一级页,全部,女生,热门,total,0.12994156067377105,5818,756
20210821,android,分类标签页-一级页,全部,女生,风格,total,0.2508591065292096,873,219
20210821,android,分类标签页-一级页,全部,男生,人物,total,0.20601719197707735,3490,719
20210821,android,分类标签页-一级页,全部,男生,全部分类,total,0.60986328125,16384,9992
20210821,android,分类标签页-一级页,全部,男生,流派,total,0.3866453418632547,5002,1934
20210821,android,分类标签页-一级页,全部,男生,热门,total,0.16852628184456628,15505,2613
20210821,android,分类标签页-一级页,全部,男生,风格,total,0.1972818939061815,2281,450
20210821,android,分类标签页-查看更多,二级页,二级页,二级页,total,0.8343740707701457,3363,2806
20210821,ios,书库,全部,女生,人物,total,0.36363636363636365,11,4
20210821,ios,书库,全部,女生,情节,total,0.5769230769230769,26,15
20210821,ios,书库,全部,女生,风格,total,0.16666666666666666,6,1
20210821,ios,书库,全部,男生,人物,total,0.25806451612903225,31,8
20210821,ios,书库,全部,男生,流派,total,0.5217391304347826,69,36
20210821,ios,书库,全部,男生,风格,total,0.35714285714285715,14,5
20210821,ios,分类标签页-一级页,免费,女生,人物,total,0.12177121771217712,271,33
20210821,ios,分类标签页-一级页,免费,女生,全部分类,total,0.27152600170502983,2346,637
20210821,ios,分类标签页-一级页,免费,女生,情节,total,0.08507089241034195,1199,102
20210821,ios,分类标签页-一级页,免费,女生,流派,total,0.0,2,0
20210821,ios,分类标签页-一级页,免费,女生,热门,total,0.0526541095890411,2336,123
20210821,ios,分类标签页-一级页,免费,女生,风格,total,0.1702127659574468,188,32
20210821,ios,分类标签页-一级页,免费,男生,人物,total,0.11377245508982035,334,38
20210821,ios,分类标签页-一级页,免费,男生,全部分类,total,0.24801482265749072,3778,937
20210821,ios,分类标签页-一级页,免费,男生,流派,total,0.26865671641791045,536,144
20210821,ios,分类标签页-一级页,免费,男生,热门,total,0.04452690166975881,3773,168
20210821,ios,分类标签页-一级页,免费,男生,风格,total,0.11063829787234042,235,26
20210821,ios,分类标签页-一级页,全部,女生,人物,total,0.1213235294117647,272,33
20210821,ios,分类标签页-一级页,全部,女生,全部分类,total,0.37099316868102994,1903,706
20210821,ios,分类标签页-一级页,全部,女生,情节,total,0.1774960380348653,631,112
20210821,ios,分类标签页-一级页,全部,女生,流派,total,0.25,4,1
20210821,ios,分类标签页-一级页,全部,女生,热门,total,0.07563025210084033,1904,144
20210821,ios,分类标签页-一级页,全部,女生,风格,total,0.2727272727272727,176,48
20210821,ios,分类标签页-一级页,全部,男生,人物,total,0.18855218855218855,594,112
20210821,ios,分类标签页-一级页,全部,男生,全部分类,total,0.4475920679886686,4236,1896
20210821,ios,分类标签页-一级页,全部,男生,流派,total,0.2966292134831461,890,264
20210821,ios,分类标签页-一级页,全部,男生,热门,total,0.09254013220018886,4236,392
20210821,ios,分类标签页-一级页,全部,男生,风格,total,0.1529126213592233,412,63
20210821,ios,分类标签页-查看更多,二级页,二级页,二级页,total,0.8504464285714286,448,381
20210822,android,书库,免费,女生,人物,total,0.3386114494518879,2463,834
20210822,android,书库,免费,女生,情节,total,0.5469986040018613,4298,2351
20210822,android,书库,免费,女生,热门,total,0.21229181327703495,4263,905
20210822,android,书库,免费,女生,风格,total,0.17058501913613996,1829,312
20210822,android,书库,免费,男生,人物,total,0.11973180076628352,7308,875
20210822,android,书库,免费,男生,流派,total,0.4973518284993695,7930,3944
20210822,android,书库,免费,男生,热门,total,0.35636271272542547,7874,2806
20210822,android,书库,免费,男生,风格,total,0.12168486739469579,3205,390
20210822,android,书库,全部,女生,人物,total,0.3341949778434269,2708,905
20210822,android,书库,全部,女生,情节,total,0.6399657314200042,4669,2988
20210822,android,书库,全部,女生,热门,total,0.1537795105046567,4617,710
20210822,android,书库,全部,女生,风格,total,0.18062636562272397,1373,248
20210822,android,书库,全部,男生,人物,total,0.2526711515631183,5054,1277
20210822,android,书库,全部,男生,流派,total,0.5725981055480379,14780,8463
20210822,android,书库,全部,男生,热门,total,0.37495716537591667,14591,5471
20210822,android,书库,全部,男生,风格,total,0.2392226148409894,2830,677
20210822,android,分类标签页-一级页,免费,女生,人物,total,0.18344519015659955,1788,328
20210822,android,分类标签页-一级页,免费,女生,全部分类,total,0.43886512046836296,8882,3898
20210822,android,分类标签页-一级页,免费,女生,情节,total,0.19847872593296886,4207,835
20210822,android,分类标签页-一级页,免费,女生,热门,total,0.11199545196134167,8795,985
20210822,android,分类标签页-一级页,免费,女生,风格,total,0.17217981340118746,1179,203
20210822,android,分类标签页-一级页,免费,男生,人物,total,0.1674114816088003,2909,487
20210822,android,分类标签页-一级页,免费,男生,全部分类,total,0.3698284301097429,19409,7178
20210822,android,分类标签页-一级页,免费,男生,流派,total,0.31805157593123207,4188,1332
20210822,android,分类标签页-一级页,免费,男生,热门,total,0.10383064516129033,17856,1854
20210822,android,分类标签页-一级页,免费,男生,风格,total,0.12056737588652482,1974,238
20210822,android,分类标签页-一级页,全部,女生,人物,total,0.1433666191155492,1402,201
20210822,android,分类标签页-一级页,全部,女生,全部分类,total,0.5004143875352229,6033,3019
20210822,android,分类标签页-一级页,全部,女生,情节,total,0.2445226917057903,2556,625
20210822,android,分类标签页-一级页,全部,女生,热门,total,0.13713044930683146,5987,821
20210822,android,分类标签页-一级页,全部,女生,风格,total,0.25400213447171827,937,238
20210822,android,分类标签页-一级页,全部,男生,人物,total,0.19458264234383638,3618,704
20210822,android,分类标签页-一级页,全部,男生,全部分类,total,0.6210336538461538,16640,10334
20210822,android,分类标签页-一级页,全部,男生,流派,total,0.39447731755424065,5070,2000
20210822,android,分类标签页-一级页,全部,男生,热门,total,0.17202052841665083,15783,2715
20210822,android,分类标签页-一级页,全部,男生,风格,total,0.18072787427626139,2418,437
20210822,android,分类标签页-查看更多,二级页,二级页,二级页,total,0.834072759538598,3381,2820
20210822,ios,书库,全部,女生,人物,total,0.14285714285714285,14,2
20210822,ios,书库,全部,女生,情节,total,0.5128205128205128,39,20
20210822,ios,书库,全部,女生,风格,total,0.3333333333333333,6,2
20210822,ios,书库,全部,男生,人物,total,0.21428571428571427,28,6
20210822,ios,书库,全部,男生,流派,total,0.5694444444444444,72,41
20210822,ios,书库,全部,男生,风格,total,0.25,12,3
20210822,ios,分类标签页-一级页,免费,女生,人物,total,0.13261648745519714,279,37
20210822,ios,分类标签页-一级页,免费,女生,全部分类,total,0.2723404255319149,2350,640
20210822,ios,分类标签页-一级页,免费,女生,情节,total,0.08284518828451883,1195,99
20210822,ios,分类标签页-一级页,免费,女生,流派,total,0.0,1,0
20210822,ios,分类标签页-一级页,免费,女生,热门,total,0.055863539445628996,2345,131
20210822,ios,分类标签页-一级页,免费,女生,风格,total,0.16574585635359115,181,30
20210822,ios,分类标签页-一级页,免费,男生,人物,total,0.11635220125786164,318,37
20210822,ios,分类标签页-一级页,免费,男生,全部分类,total,0.25168236877523553,3715,935
20210822,ios,分类标签页-一级页,免费,男生,情节,total,0.0,2,0
20210822,ios,分类标签页-一级页,免费,男生,流派,total,0.25201612903225806,496,125
20210822,ios,分类标签页-一级页,免费,男生,热门,total,0.044695745826602046,3714,166
20210822,ios,分类标签页-一级页,免费,男生,风格,total,0.0867579908675799,219,19
20210822,ios,分类标签页-一级页,全部,女生,人物,total,0.09266409266409266,259,24
20210822,ios,分类标签页-一级页,全部,女生,全部分类,total,0.3616590794132524,1977,715
20210822,ios,分类标签页-一级页,全部,女生,情节,total,0.1703125,640,109
20210822,ios,分类标签页-一级页,全部,女生,流派,total,0.0,1,0
20210822,ios,分类标签页-一级页,全部,女生,热门,total,0.0759493670886076,1975,150
20210822,ios,分类标签页-一级页,全部,女生,风格,total,0.21893491124260356,169,37
20210822,ios,分类标签页-一级页,全部,男生,人物,total,0.154434250764526,654,101
20210822,ios,分类标签页-一级页,全部,男生,全部分类,total,0.4509181591475856,4411,1989
20210822,ios,分类标签页-一级页,全部,男生,流派,total,0.3082788671023965,918,283
20210822,ios,分类标签页-一级页,全部,男生,热门,total,0.09684735767747789,4409,427
20210822,ios,分类标签页-一级页,全部,男生,风格,total,0.16367713004484305,446,73
20210822,ios,分类标签页-查看更多,二级页,二级页,二级页,total,0.815668202764977,434,354
20210823,android,书库,免费,女生,人物,total,0.33248081841432225,2346,780
20210823,android,书库,免费,女生,情节,total,0.5592894863178108,4166,2330
20210823,android,书库,免费,女生,热门,total,0.2151375030421027,4109,884
20210823,android,书库,免费,女生,风格,total,0.15737514518002324,1722,271
20210823,android,书库,免费,男生,人物,total,0.11366120218579236,7320,832
20210823,android,书库,免费,男生,流派,total,0.502643504531722,7944,3993
20210823,android,书库,免费,男生,热门,total,0.3599441553496637,7879,2836
20210823,android,书库,免费,男生,风格,total,0.11408540471637986,3138,358
20210823,android,书库,全部,女生,人物,total,0.3630110813909056,2617,950
20210823,android,书库,全部,女生,情节,total,0.6272393697388301,4633,2906
20210823,android,书库,全部,女生,热门,total,0.16101509516517173,4571,736
20210823,android,书库,全部,女生,风格,total,0.1981981981981982,1332,264
20210823,android,书库,全部,男生,人物,total,0.2720382927802154,5014,1364
20210823,android,书库,全部,男生,流派,total,0.5625299801274584,14593,8209
20210823,android,书库,全部,男生,热门,total,0.37843096379681745,14391,5446
20210823,android,书库,全部,男生,风格,total,0.22074659009332376,2786,615
20210823,android,分类标签页-一级页,免费,女生,人物,total,0.18165249088699878,1646,299
20210823,android,分类标签页-一级页,免费,女生,全部分类,total,0.4364252845725357,8258,3604
20210823,android,分类标签页-一级页,免费,女生,情节,total,0.18930148013502987,3851,729
20210823,android,分类标签页-一级页,免费,女生,热门,total,0.10930975190370916,8142,890
20210823,android,分类标签页-一级页,免费,女生,风格,total,0.2070524412296564,1106,229
20210823,android,分类标签页-一级页,免费,男生,人物,total,0.16830985915492958,2840,478
20210823,android,分类标签页-一级页,免费,男生,全部分类,total,0.3706418176107214,19102,7080
20210823,android,分类标签页-一级页,免费,男生,流派,total,0.338987157741701,4127,1399
20210823,android,分类标签页-一级页,免费,男生,热门,total,0.10732431352400525,17517,1880
20210823,android,分类标签页-一级页,免费,男生,风格,total,0.12197686645636173,1902,232
20210823,android,分类标签页-一级页,全部,女生,人物,total,0.14685314685314685,1287,189
20210823,android,分类标签页-一级页,全部,女生,全部分类,total,0.5155516941789748,5755,2967
20210823,android,分类标签页-一级页,全部,女生,情节,total,0.214498933901919,2345,503
20210823,android,分类标签页-一级页,全部,女生,热门,total,0.13458501491489736,5699,767
20210823,android,分类标签页-一级页,全部,女生,风格,total,0.25961538461538464,832,216
20210823,android,分类标签页-一级页,全部,男生,人物,total,0.19186381996537796,3466,665
20210823,android,分类标签页-一级页,全部,男生,全部分类,total,0.6164482385475532,16634,10254
20210823,android,分类标签页-一级页,全部,男生,流派,total,0.38673139158576053,4944,1912
20210823,android,分类标签页-一级页,全部,男生,热门,total,0.1613025848960973,15784,2546
20210823,android,分类标签页-一级页,全部,男生,风格,total,0.20081411126187246,2211,444
20210823,android,分类标签页-查看更多,二级页,二级页,二级页,total,0.8336886993603412,3283,2737
20210823,ios,书库,全部,女生,人物,total,0.3076923076923077,13,4
20210823,ios,书库,全部,女生,情节,total,0.64,25,16
20210823,ios,书库,全部,女生,风格,total,0.16666666666666666,6,1
20210823,ios,书库,全部,男生,人物,total,0.23529411764705882,17,4
20210823,ios,书库,全部,男生,流派,total,0.4578313253012048,83,38
20210823,ios,书库,全部,男生,风格,total,0.25,4,1
20210823,ios,分类标签页-一级页,免费,女生,人物,total,0.11904761904761904,210,25
20210823,ios,分类标签页-一级页,免费,女生,全部分类,total,0.2783641160949868,2274,633
20210823,ios,分类标签页-一级页,免费,女生,情节,total,0.07090909090909091,1100,78
20210823,ios,分类标签页-一级页,免费,女生,热门,total,0.05017605633802817,2272,114
20210823,ios,分类标签页-一级页,免费,女生,风格,total,0.25675675675675674,148,38
20210823,ios,分类标签页-一级页,免费,男生,人物,total,0.13230769230769232,325,43
20210823,ios,分类标签页-一级页,免费,男生,全部分类,total,0.2531509788146956,3729,944
20210823,ios,分类标签页-一级页,免费,男生,情节,total,0.0,2,0
20210823,ios,分类标签页-一级页,免费,男生,流派,total,0.23388581952117865,543,127
20210823,ios,分类标签页-一级页,免费,男生,热门,total,0.04985258643795229,3731,186
20210823,ios,分类标签页-一级页,免费,男生,风格,total,0.10454545454545454,220,23
20210823,ios,分类标签页-一级页,全部,女生,人物,total,0.10526315789473684,285,30
20210823,ios,分类标签页-一级页,全部,女生,全部分类,total,0.35816326530612247,1960,702
20210823,ios,分类标签页-一级页,全部,女生,情节,total,0.1804949053857351,687,124
20210823,ios,分类标签页-一级页,全部,女生,热门,total,0.07099080694586313,1958,139
20210823,ios,分类标签页-一级页,全部,女生,风格,total,0.22093023255813954,172,38
20210823,ios,分类标签页-一级页,全部,男生,人物,total,0.16104294478527606,652,105
20210823,ios,分类标签页-一级页,全部,男生,全部分类,total,0.44948361023798833,4454,2002
20210823,ios,分类标签页-一级页,全部,男生,情节,total,0.0,1,0
20210823,ios,分类标签页-一级页,全部,男生,流派,total,0.3006535947712418,918,276
20210823,ios,分类标签页-一级页,全部,男生,热门,total,0.09865470852017937,4460,440
20210823,ios,分类标签页-一级页,全部,男生,风格,total,0.13145539906103287,426,56
20210823,ios,分类标签页-查看更多,二级页,二级页,二级页,total,0.839622641509434,424,356
20210824,android,书库,免费,女生,人物,total,0.33754810335349095,1819,614
20210824,android,书库,免费,女生,情节,total,0.5614145879381118,3167,1778
20210824,android,书库,免费,女生,热门,total,0.2061558191728118,3119,643
20210824,android,书库,免费,女生,风格,total,0.1704204204204204,1332,227
20210824,android,书库,免费,男生,人物,total,0.12115891132572432,5695,690
20210824,android,书库,免费,男生,流派,total,0.49607182940516276,6237,3094
20210824,android,书库,免费,男生,热门,total,0.349691257718557,6154,2152
20210824,android,书库,免费,男生,风格,total,0.11742892459826947,2427,285
20210824,android,书库,全部,女生,人物,total,0.35201149425287354,2088,735
20210824,android,书库,全部,女生,情节,total,0.6101231190150479,3655,2230
20210824,android,书库,全部,女生,热门,total,0.15566694514062934,3591,559
20210824,android,书库,全部,女生,风格,total,0.19624413145539907,1065,209
20210824,android,书库,全部,男生,人物,total,0.2730933803171407,3973,1085
20210824,android,书库,全部,男生,流派,total,0.5596384029463464,11947,6686
20210824,android,书库,全部,男生,热门,total,0.35936967632027256,11740,4219
20210824,android,书库,全部,男生,风格,total,0.2360611510791367,2224,525
20210824,android,分类标签页-一级页,免费,女生,人物,total,0.171437461107654,3214,551
20210824,android,分类标签页-一级页,免费,女生,全部分类,total,0.4463848434076556,15518,6927
20210824,android,分类标签页-一级页,免费,女生,情节,total,0.2002218524681087,7212,1444
20210824,android,分类标签页-一级页,免费,女生,热门,total,0.11038622129436326,15328,1692
20210824,android,分类标签页-一级页,免费,女生,风格,total,0.16713352007469653,2142,358
20210824,android,分类标签页-一级页,免费,男生,人物,total,0.15650512419663018,5757,901
20210824,android,分类标签页-一级页,免费,男生,全部分类,total,0.3826072679509632,36544,13982
20210824,android,分类标签页-一级页,免费,男生,流派,total,0.3210751374465486,8185,2628
20210824,android,分类标签页-一级页,免费,男生,热门,total,0.10589952053366687,33579,3556
20210824,android,分类标签页-一级页,免费,男生,风格,total,0.11164314516129033,3968,443
20210824,android,分类标签页-一级页,全部,女生,人物,total,0.13597310422114306,2677,364
20210824,android,分类标签页-一级页,全部,女生,全部分类,total,0.5309366814199259,11071,5878
20210824,android,分类标签页-一级页,全部,女生,情节,total,0.22294191391558713,4786,1067
20210824,android,分类标签页-一级页,全部,女生,热门,total,0.13695255474452556,10960,1501
20210824,android,分类标签页-一级页,全部,女生,风格,total,0.24832589285714285,1792,445
20210824,android,分类标签页-一级页,全部,男生,人物,total,0.18265971316818774,7670,1401
20210824,android,分类标签页-一级页,全部,男生,全部分类,total,0.6227144203581527,31830,19821
20210824,android,分类标签页-一级页,全部,男生,流派,total,0.3816859630657353,10451,3989
20210824,android,分类标签页-一级页,全部,男生,热门,total,0.1804782723900371,30192,5449
20210824,android,分类标签页-一级页,全部,男生,风格,total,0.18866844715757344,5242,989
20210824,android,分类标签页-查看更多,二级页,二级页,二级页,total,0.8092185592185592,6552,5302
20210824,ios,书库,全部,女生,人物,total,0.21428571428571427,14,3
20210824,ios,书库,全部,女生,情节,total,0.5428571428571428,35,19
20210824,ios,书库,全部,女生,风格,total,0.0,7,0
20210824,ios,书库,全部,男生,人物,total,0.2857142857142857,21,6
20210824,ios,书库,全部,男生,流派,total,0.5769230769230769,78,45
20210824,ios,书库,全部,男生,风格,total,0.2857142857142857,7,2
20210824,ios,分类标签页-一级页,免费,女生,人物,total,0.1191588785046729,428,51
20210824,ios,分类标签页-一级页,免费,女生,全部分类,total,0.287710970464135,3792,1091
20210824,ios,分类标签页-一级页,免费,女生,情节,total,0.09428729894620078,1803,170
20210824,ios,分类标签页-一级页,免费,女生,热门,total,0.06268183020364983,3781,237
20210824,ios,分类标签页-一级页,免费,女生,风格,total,0.16319444444444445,288,47
20210824,ios,分类标签页-一级页,免费,男生,人物,total,0.12093023255813953,645,78
20210824,ios,分类标签页-一级页,免费,男生,全部分类,total,0.24261761761761763,7992,1939
20210824,ios,分类标签页-一级页,免费,男生,情节,total,0.0,5,0
20210824,ios,分类标签页-一级页,免费,男生,流派,total,0.23348837209302326,1075,251
20210824,ios,分类标签页-一级页,免费,男生,热门,total,0.05018145413590289,7991,401
20210824,ios,分类标签页-一级页,免费,男生,风格,total,0.09456264775413711,423,40
20210824,ios,分类标签页-一级页,全部,女生,人物,total,0.1019522776572668,461,47
20210824,ios,分类标签页-一级页,全部,女生,全部分类,total,0.37914831130690163,3405,1291
20210824,ios,分类标签页-一级页,全部,女生,情节,total,0.14310344827586208,1160,166
20210824,ios,分类标签页-一级页,全部,女生,流派,total,0.0,3,0
20210824,ios,分类标签页-一级页,全部,女生,热门,total,0.06811509101585438,3406,232
20210824,ios,分类标签页-一级页,全部,女生,风格,total,0.24013157894736842,304,73
20210824,ios,分类标签页-一级页,全部,男生,人物,total,0.1829059829059829,1170,214
20210824,ios,分类标签页-一级页,全部,男生,全部分类,total,0.4509543367963276,8278,3733
20210824,ios,分类标签页-一级页,全部,男生,情节,total,0.0,3,0
20210824,ios,分类标签页-一级页,全部,男生,流派,total,0.28714622641509435,1696,487
20210824,ios,分类标签页-一级页,全部,男生,热门,total,0.09324797680879333,8279,772
20210824,ios,分类标签页-一级页,全部,男生,风格,total,0.17181705809641531,809,139
20210824,ios,分类标签页-查看更多,二级页,二级页,二级页,total,0.8359580052493438,762,637
20210825,android,书库,免费,女生,人物,total,0.3400277008310249,1444,491
20210825,android,书库,免费,女生,情节,total,0.5747682386134623,2481,1426
20210825,android,书库,免费,女生,热门,total,0.19279574293900942,2443,471
20210825,android,书库,免费,女生,风格,total,0.1548076923076923,1040,161
20210825,android,书库,免费,男生,人物,total,0.12082319097145386,4519,546
20210825,android,书库,免费,男生,流派,total,0.5081636766780891,4961,2521
20210825,android,书库,免费,男生,热门,total,0.3521986970684039,4912,1730
20210825,android,书库,免费,男生,风格,total,0.11433005690636316,1933,221
20210825,android,书库,全部,女生,人物,total,0.3391990291262136,1648,559
20210825,android,书库,全部,女生,情节,total,0.6304347826086957,2944,1856
20210825,android,书库,全部,女生,热门,total,0.1559158330458779,2899,452
20210825,android,书库,全部,女生,风格,total,0.17901234567901234,810,145
20210825,android,书库,全部,男生,人物,total,0.27238805970149255,3216,876
20210825,android,书库,全部,男生,流派,total,0.5694811370601289,9463,5389
20210825,android,书库,全部,男生,热门,total,0.36726804123711343,9312,3420
20210825,android,书库,全部,男生,风格,total,0.22359550561797753,1780,398
20210825,android,分类标签页-一级页,免费,女生,人物,total,0.183206106870229,4061,744
20210825,android,分类标签页-一级页,免费,女生,全部分类,total,0.4497827885808854,19336,8697
20210825,android,分类标签页-一级页,免费,女生,情节,total,0.20469419995486346,8862,1814
20210825,android,分类标签页-一级页,免费,女生,热门,total,0.11416601204503797,19095,2180
20210825,android,分类标签页-一级页,免费,女生,风格,total,0.1744186046511628,2752,480
20210825,android,分类标签页-一级页,免费,男生,人物,total,0.15546736006569042,7307,1136
20210825,android,分类标签页-一级页,免费,男生,全部分类,total,0.37960677504468465,46996,17840
20210825,android,分类标签页-一级页,免费,男生,流派,total,0.31538832609744333,10365,3269
20210825,android,分类标签页-一级页,免费,男生,热门,total,0.10585721584839054,43058,4558
20210825,android,分类标签页-一级页,免费,男生,风格,total,0.12776119402985076,5025,642
20210825,android,分类标签页-一级页,全部,女生,人物,total,0.14614499424626007,3476,508
20210825,android,分类标签页-一级页,全部,女生,全部分类,total,0.5298288333452696,13963,7398
20210825,android,分类标签页-一级页,全部,女生,情节,total,0.23141309699655344,6093,1410
20210825,android,分类标签页-一级页,全部,女生,热门,total,0.13909011880614314,13804,1920
20210825,android,分类标签页-一级页,全部,女生,风格,total,0.24588815789473684,2432,598
20210825,android,分类标签页-一级页,全部,男生,人物,total,0.20002051492460765,9749,1950
20210825,android,分类标签页-一级页,全部,男生,全部分类,total,0.6271823532321084,40438,25362
20210825,android,分类标签页-一级页,全部,男生,流派,total,0.39042745334136064,13288,5188
20210825,android,分类标签页-一级页,全部,男生,热门,total,0.18460058248387767,38456,7099
20210825,android,分类标签页-一级页,全部,男生,风格,total,0.19782996432818073,6728,1331
20210825,android,分类标签页-查看更多,二级页,二级页,二级页,total,0.8150455198850024,8348,6804
20210825,ios,书库,全部,女生,人物,total,0.4444444444444444,9,4
20210825,ios,书库,全部,女生,情节,total,0.4782608695652174,23,11
20210825,ios,书库,全部,女生,风格,total,0.2,5,1
20210825,ios,书库,全部,男生,人物,total,0.13636363636363635,22,3
20210825,ios,书库,全部,男生,流派,total,0.6231884057971014,69,43
20210825,ios,书库,全部,男生,风格,total,0.09090909090909091,11,1
20210825,ios,分类标签页-一级页,免费,女生,人物,total,0.09446254071661238,614,58
20210825,ios,分类标签页-一级页,免费,女生,全部分类,total,0.29281437125748505,5010,1467
20210825,ios,分类标签页-一级页,免费,女生,情节,total,0.09702725020644096,2422,235
20210825,ios,分类标签页-一级页,免费,女生,流派,total,1.0,1,1
20210825,ios,分类标签页-一级页,免费,女生,热门,total,0.0616,5000,308
20210825,ios,分类标签页-一级页,免费,女生,风格,total,0.14084507042253522,426,60
20210825,ios,分类标签页-一级页,免费,男生,人物,total,0.1543340380549683,946,146
20210825,ios,分类标签页-一级页,免费,男生,全部分类,total,0.22586055426882837,12521,2828
20210825,ios,分类标签页-一级页,免费,男生,情节,total,0.0,1,0
20210825,ios,分类标签页-一级页,免费,男生,流派,total,0.20363164721141375,1542,314
20210825,ios,分类标签页-一级页,免费,男生,热门,total,0.041320332480818414,12512,517
20210825,ios,分类标签页-一级页,免费,男生,风格,total,0.10102489019033675,683,69
20210825,ios,分类标签页-一级页,全部,女生,人物,total,0.0890937019969278,651,58
20210825,ios,分类标签页-一级页,全部,女生,全部分类,total,0.3881000676132522,4437,1722
20210825,ios,分类标签页-一级页,全部,女生,情节,total,0.17749497655726726,1493,265
20210825,ios,分类标签页-一级页,全部,女生,流派,total,0.0,4,0
20210825,ios,分类标签页-一级页,全部,女生,热门,total,0.07720090293453724,4430,342
20210825,ios,分类标签页-一级页,全部,女生,风格,total,0.18269230769230768,416,76
20210825,ios,分类标签页-一级页,全部,男生,人物,total,0.18228867165037377,1739,317
20210825,ios,分类标签页-一级页,全部,男生,全部分类,total,0.43985590018451803,11381,5006
20210825,ios,分类标签页-一级页,全部,男生,情节,total,0.25,4,1
20210825,ios,分类标签页-一级页,全部,男生,流派,total,0.30159378831221906,2447,738
20210825,ios,分类标签页-一级页,全部,男生,热门,total,0.10162494510320597,11385,1157
20210825,ios,分类标签页-一级页,全部,男生,风格,total,0.16115702479338842,1210,195
20210825,ios,分类标签页-查看更多,二级页,二级页,二级页,total,0.8149498632634458,1097,894
20210826,android,书库,免费,女生,人物,total,0.33939818054583626,1429,485
20210826,android,书库,免费,女生,情节,total,0.556385068762279,2545,1416
20210826,android,书库,免费,女生,热门,total,0.22625698324022347,2506,567
20210826,android,书库,免费,女生,风格,total,0.16730038022813687,1052,176
20210826,android,书库,免费,男生,人物,total,0.12047121582573905,4499,542
20210826,android,书库,免费,男生,流派,total,0.5053916581892167,4915,2484
20210826,android,书库,免费,男生,热门,total,0.3562512789032126,4887,1741
20210826,android,书库,免费,男生,风格,total,0.10200927357032458,1941,198
20210826,android,书库,全部,女生,人物,total,0.36615384615384616,1625,595
20210826,android,书库,全部,女生,情节,total,0.6433591004919185,2846,1831
20210826,android,书库,全部,女生,热门,total,0.1534090909090909,2816,432
20210826,android,书库,全部,女生,风格,total,0.2087378640776699,824,172
20210826,android,书库,全部,男生,人物,total,0.26870967741935486,3100,833
20210826,android,书库,全部,男生,流派,total,0.5624591236102028,9174,5160
20210826,android,书库,全部,男生,热门,total,0.37375635640061905,9046,3381
20210826,android,书库,全部,男生,风格,total,0.2413597733711048,1765,426
20210826,android,分类标签页-一级页,免费,女生,人物,total,0.17655897821187078,3993,705
20210826,android,分类标签页-一级页,免费,女生,全部分类,total,0.4434764784257456,19514,8654
20210826,android,分类标签页-一级页,免费,女生,情节,total,0.20386194650982134,9011,1837
20210826,android,分类标签页-一级页,免费,女生,热门,total,0.11214274599304944,19279,2162
20210826,android,分类标签页-一级页,免费,女生,风格,total,0.1779467680608365,2630,468
20210826,android,分类标签页-一级页,免费,男生,人物,total,0.16383546258598905,7123,1167
20210826,android,分类标签页-一级页,免费,男生,全部分类,total,0.3842161270006732,46047,17692
20210826,android,分类标签页-一级页,免费,男生,流派,total,0.3265602322206096,10335,3375
20210826,android,分类标签页-一级页,免费,男生,热门,total,0.11137648088155312,42289,4710
20210826,android,分类标签页-一级页,免费,男生,风格,total,0.12059064807219032,4876,588
20210826,android,分类标签页-一级页,全部,女生,人物,total,0.14166666666666666,3240,459
20210826,android,分类标签页-一级页,全部,女生,全部分类,total,0.5259606922851277,13636,7172
20210826,android,分类标签页-一级页,全部,女生,情节,total,0.23099772846409225,5723,1322
20210826,android,分类标签页-一级页,全部,女生,热门,total,0.1354915178902141,13499,1829
20210826,android,分类标签页-一级页,全部,女生,风格,total,0.23919043238270468,2174,520
20210826,android,分类标签页-一级页,全部,男生,人物,total,0.20137299771167047,9177,1848
20210826,android,分类标签页-一级页,全部,男生,全部分类,total,0.626157640426817,39736,24881
20210826,android,分类标签页-一级页,全部,男生,流派,total,0.3946459412780656,12738,5027
20210826,android,分类标签页-一级页,全部,男生,热门,total,0.18213386348575214,37725,6871
20210826,android,分类标签页-一级页,全部,男生,风格,total,0.197497192363228,6233,1231
20210826,android,分类标签页-查看更多,二级页,二级页,二级页,total,0.8240114000712504,8421,6939
20210826,ios,书库,全部,女生,人物,total,0.6,15,9
20210826,ios,书库,全部,女生,情节,total,0.5,34,17
20210826,ios,书库,全部,女生,风格,total,0.42857142857142855,7,3
20210826,ios,书库,全部,男生,人物,total,0.15,20,3
20210826,ios,书库,全部,男生,流派,total,0.6212121212121212,66,41
20210826,ios,书库,全部,男生,风格,total,0.0,6,0
20210826,ios,分类标签页-一级页,免费,女生,人物,total,0.11510791366906475,556,64
20210826,ios,分类标签页-一级页,免费,女生,全部分类,total,0.2902925284143842,5367,1558
20210826,ios,分类标签页-一级页,免费,女生,情节,total,0.0822239624119029,2554,210
20210826,ios,分类标签页-一级页,免费,女生,热门,total,0.06015318512983374,5353,322
20210826,ios,分类标签页-一级页,免费,女生,风格,total,0.1484375,384,57
20210826,ios,分类标签页-一级页,免费,男生,人物,total,0.10925306577480491,897,98
20210826,ios,分类标签页-一级页,免费,男生,全部分类,total,0.22547728768926925,12152,2740
20210826,ios,分类标签页-一级页,免费,男生,情节,total,0.0,3,0
20210826,ios,分类标签页-一级页,免费,男生,流派,total,0.19250985545335086,1522,293
20210826,ios,分类标签页-一级页,免费,男生,热门,total,0.04083312752119865,12147,496
20210826,ios,分类标签页-一级页,免费,男生,风格,total,0.09779179810725552,634,62
20210826,ios,分类标签页-一级页,全部,女生,人物,total,0.12041116005873716,681,82
20210826,ios,分类标签页-一级页,全部,女生,全部分类,total,0.37295528898582336,4585,1710
20210826,ios,分类标签页-一级页,全部,女生,情节,total,0.15644955300127714,1566,245
20210826,ios,分类标签页-一级页,全部,女生,流派,total,0.0,4,0
20210826,ios,分类标签页-一级页,全部,女生,热门,total,0.06618610747051114,4578,303
20210826,ios,分类标签页-一级页,全部,女生,风格,total,0.23024830699774265,443,102
20210826,ios,分类标签页-一级页,全部,男生,人物,total,0.18181818181818182,1672,304
20210826,ios,分类标签页-一级页,全部,男生,全部分类,total,0.4337595453738235,11262,4885
20210826,ios,分类标签页-一级页,全部,男生,流派,total,0.29859634198213525,2351,702
20210826,ios,分类标签页-一级页,全部,男生,热门,total,0.09723825592753751,11261,1095
20210826,ios,分类标签页-一级页,全部,男生,风格,total,0.17711864406779662,1180,209
20210826,ios,分类标签页-查看更多,二级页,二级页,二级页,total,0.8116213683223993,1067,866
20210827,android,书库,免费,女生,人物,total,0.3271923360353721,1357,444
20210827,android,书库,免费,女生,情节,total,0.5606625258799172,2415,1354
20210827,android,书库,免费,女生,热门,total,0.19572506286672256,2386,467
20210827,android,书库,免费,女生,风格,total,0.16984924623115577,995,169
20210827,android,书库,免费,男生,人物,total,0.1197671815536154,4467,535
20210827,android,书库,免费,男生,流派,total,0.49241803278688523,4880,2403
20210827,android,书库,免费,男生,热门,total,0.35022661722290893,4854,1700
20210827,android,书库,免费,男生,风格,total,0.10554089709762533,1895,200
20210827,android,书库,全部,女生,人物,total,0.33354153653966273,1601,534
20210827,android,书库,全部,女生,情节,total,0.6353356890459364,2830,1798
20210827,android,书库,全部,女生,热门,total,0.15329512893982808,2792,428
20210827,android,书库,全部,女生,风格,total,0.18250950570342206,789,144
20210827,android,书库,全部,男生,人物,total,0.26866644929898925,3067,824
20210827,android,书库,全部,男生,流派,total,0.561993561993562,9009,5063
20210827,android,书库,全部,男生,热门,total,0.3769144144144144,8880,3347
20210827,android,书库,全部,男生,风格,total,0.24970414201183433,1690,422
20210827,android,分类标签页-一级页,免费,女生,人物,total,0.1876765083440308,3895,731
20210827,android,分类标签页-一级页,免费,女生,全部分类,total,0.4406573663073346,18924,8339
20210827,android,分类标签页-一级页,免费,女生,情节,total,0.20425483761457508,8837,1805
20210827,android,分类标签页-一级页,免费,女生,热门,total,0.11694434027963786,18667,2183
20210827,android,分类标签页-一级页,免费,女生,风格,total,0.18216175359032502,2646,482
20210827,android,分类标签页-一级页,免费,男生,人物,total,0.16467276565798733,7105,1170
20210827,android,分类标签页-一级页,免费,男生,全部分类,total,0.38414444098134376,44918,17255
20210827,android,分类标签页-一级页,免费,男生,流派,total,0.3339598377683253,10109,3376
20210827,android,分类标签页-一级页,免费,男生,热门,total,0.10946300252476208,41192,4509
20210827,android,分类标签页-一级页,免费,男生,风格,total,0.1263267429760666,4805,607
20210827,android,分类标签页-一级页,全部,女生,人物,total,0.14556754988550866,3057,445
20210827,android,分类标签页-一级页,全部,女生,全部分类,total,0.535247256876597,13306,7122
20210827,android,分类标签页-一级页,全部,女生,情节,total,0.2339244133978148,5583,1306
20210827,android,分类标签页-一级页,全部,女生,热门,total,0.13786569652872518,13194,1819
20210827,android,分类标签页-一级页,全部,女生,风格,total,0.25,2032,508
20210827,android,分类标签页-一级页,全部,男生,人物,total,0.1976364659538548,8885,1756
20210827,android,分类标签页-一级页,全部,男生,全部分类,total,0.621269035532995,39400,24478
20210827,android,分类标签页-一级页,全部,男生,流派,total,0.38718505996941155,12423,4810
20210827,android,分类标签页-一级页,全部,男生,热门,total,0.17775642565457603,37467,6660
20210827,android,分类标签页-一级页,全部,男生,风格,total,0.1935429628384059,5947,1151
20210827,android,分类标签页-查看更多,二级页,二级页,二级页,total,0.822708919613361,8173,6724
20210827,ios,书库,全部,女生,人物,total,0.36363636363636365,11,4
20210827,ios,书库,全部,女生,情节,total,0.41379310344827586,29,12
20210827,ios,书库,全部,女生,风格,total,0.75,4,3
20210827,ios,书库,全部,男生,人物,total,0.09090909090909091,22,2
20210827,ios,书库,全部,男生,流派,total,0.45901639344262296,61,28
20210827,ios,书库,全部,男生,风格,total,0.16666666666666666,6,1
20210827,ios,分类标签页-一级页,免费,女生,人物,total,0.15118110236220472,635,96
20210827,ios,分类标签页-一级页,免费,女生,全部分类,total,0.27959649790635704,5254,1469
20210827,ios,分类标签页-一级页,免费,女生,情节,total,0.10388580491673276,2522,262
20210827,ios,分类标签页-一级页,免费,女生,热门,total,0.06286911792722423,5249,330
20210827,ios,分类标签页-一级页,免费,女生,风格,total,0.22748815165876776,422,96
20210827,ios,分类标签页-一级页,免费,男生,人物,total,0.12142038946162657,873,106
20210827,ios,分类标签页-一级页,免费,男生,全部分类,total,0.22941596713698875,11198,2569
20210827,ios,分类标签页-一级页,免费,男生,情节,total,0.0,1,0
20210827,ios,分类标签页-一级页,免费,男生,流派,total,0.22456140350877193,1425,320
20210827,ios,分类标签页-一级页,免费,男生,热门,total,0.044390853876384424,11196,497
20210827,ios,分类标签页-一级页,免费,男生,风格,total,0.08809135399673736,613,54
20210827,ios,分类标签页-一级页,全部,女生,人物,total,0.11442006269592477,638,73
20210827,ios,分类标签页-一级页,全部,女生,全部分类,total,0.37863860277653383,4466,1691
20210827,ios,分类标签页-一级页,全部,女生,情节,total,0.16970091027308193,1538,261
20210827,ios,分类标签页-一级页,全部,女生,流派,total,0.0,2,0
20210827,ios,分类标签页-一级页,全部,女生,热门,total,0.07963212202781517,4458,355
20210827,ios,分类标签页-一级页,全部,女生,风格,total,0.20147420147420148,407,82
20210827,ios,分类标签页-一级页,全部,男生,人物,total,0.17570215545395165,1531,269
20210827,ios,分类标签页-一级页,全部,男生,全部分类,total,0.4348148835482973,10777,4686
20210827,ios,分类标签页-一级页,全部,男生,情节,total,0.0,5,0
20210827,ios,分类标签页-一级页,全部,男生,流派,total,0.30027051397655546,2218,666
20210827,ios,分类标签页-一级页,全部,男生,热门,total,0.09663358991004359,10783,1042
20210827,ios,分类标签页-一级页,全部,男生,风格,total,0.16180620884289745,1063,172
20210827,ios,分类标签页-查看更多,二级页,二级页,二级页,total,0.8501469147894222,1021,868
20210828,android,书库,免费,女生,人物,total,0.3286661753868828,1357,446
20210828,android,书库,免费,女生,情节,total,0.5724762726488352,2318,1327
20210828,android,书库,免费,女生,热门,total,0.21541155866900175,2284,492
20210828,android,书库,免费,女生,风格,total,0.17182817182817184,1001,172
20210828,android,书库,免费,男生,人物,total,0.11731336510097572,4407,517
20210828,android,书库,免费,男生,流派,total,0.4945878434637802,4804,2376
20210828,android,书库,免费,男生,热门,total,0.35475036865388665,4747,1684
20210828,android,书库,免费,男生,风格,total,0.10904392764857881,1935,211
20210828,android,书库,全部,女生,人物,total,0.3354192740926158,1598,536
20210828,android,书库,全部,女生,情节,total,0.6449874236435501,2783,1795
20210828,android,书库,全部,女生,热门,total,0.1478102189781022,2740,405
20210828,android,书库,全部,女生,风格,total,0.21875,800,175
20210828,android,书库,全部,男生,人物,total,0.26179018286814243,3117,816
20210828,android,书库,全部,男生,流派,total,0.5636001328462305,9033,5091
20210828,android,书库,全部,男生,热门,total,0.3724478348665021,8914,3320
20210828,android,书库,全部,男生,风格,total,0.220162224797219,1726,380
20210828,android,分类标签页-一级页,免费,女生,人物,total,0.18364811133200795,4024,739
20210828,android,分类标签页-一级页,免费,女生,全部分类,total,0.43348999313513226,18937,8209
20210828,android,分类标签页-一级页,免费,女生,情节,total,0.20374943870678042,8908,1815
20210828,android,分类标签页-一级页,免费,女生,热门,total,0.11500828744051757,18703,2151
20210828,android,分类标签页-一级页,免费,女生,风格,total,0.1768756795940558,2759,488
20210828,android,分类标签页-一级页,免费,男生,人物,total,0.16418563922942206,6852,1125
20210828,android,分类标签页-一级页,免费,男生,全部分类,total,0.38204892486378617,44599,17039
20210828,android,分类标签页-一级页,免费,男生,流派,total,0.3263093289689034,9776,3190
20210828,android,分类标签页-一级页,免费,男生,热门,total,0.10461266828514677,40779,4266
20210828,android,分类标签页-一级页,免费,男生,风格,total,0.11783507351374388,4693,553
20210828,android,分类标签页-一级页,全部,女生,人物,total,0.14156723637536278,3101,439
20210828,android,分类标签页-一级页,全部,女生,全部分类,total,0.5242428877332518,13076,6855
20210828,android,分类标签页-一级页,全部,女生,情节,total,0.235773831098224,5518,1301
20210828,android,分类标签页-一级页,全部,女生,热门,total,0.13799753162604134,12964,1789
20210828,android,分类标签页-一级页,全部,女生,风格,total,0.25170731707317073,2050,516
20210828,android,分类标签页-一级页,全部,男生,人物,total,0.2035225048923679,8687,1768
20210828,android,分类标签页-一级页,全部,男生,全部分类,total,0.6175425234831176,39390,24325
20210828,android,分类标签页-一级页,全部,男生,流派,total,0.388169752580698,12206,4738
20210828,android,分类标签页-一级页,全部,男生,热门,total,0.1760525753366104,37432,6590
20210828,android,分类标签页-一级页,全部,男生,风格,total,0.20355356218733828,5797,1180
20210828,android,分类标签页-查看更多,二级页,二级页,二级页,total,0.8287404051843463,7947,6586
20210828,ios,书库,全部,女生,人物,total,0.16666666666666666,6,1
20210828,ios,书库,全部,女生,情节,total,0.46153846153846156,26,12
20210828,ios,书库,全部,女生,风格,total,0.0,3,0
20210828,ios,书库,全部,男生,人物,total,0.25,20,5
20210828,ios,书库,全部,男生,流派,total,0.6666666666666666,60,40
20210828,ios,书库,全部,男生,风格,total,0.3333333333333333,9,3
20210828,ios,分类标签页-一级页,免费,女生,人物,total,0.12286158631415241,643,79
20210828,ios,分类标签页-一级页,免费,女生,全部分类,total,0.2852401405700898,5122,1461
20210828,ios,分类标签页-一级页,免费,女生,情节,total,0.09354575163398693,2448,229
20210828,ios,分类标签页-一级页,免费,女生,热门,total,0.056673832323627125,5117,290
20210828,ios,分类标签页-一级页,免费,女生,风格,total,0.21232876712328766,438,93
20210828,ios,分类标签页-一级页,免费,男生,人物,total,0.11194029850746269,804,90
20210828,ios,分类标签页-一级页,免费,男生,全部分类,total,0.23453707260852863,10412,2442
20210828,ios,分类标签页-一级页,免费,男生,情节,total,0.0,4,0
20210828,ios,分类标签页-一级页,免费,男生,流派,total,0.23187311178247735,1324,307
20210828,ios,分类标签页-一级页,免费,男生,热门,total,0.04561605685201191,10413,475
20210828,ios,分类标签页-一级页,免费,男生,风格,total,0.07513416815742398,559,42
20210828,ios,分类标签页-一级页,全部,女生,人物,total,0.10679611650485436,618,66
20210828,ios,分类标签页-一级页,全部,女生,全部分类,total,0.3708479020979021,4576,1697
20210828,ios,分类标签页-一级页,全部,女生,情节,total,0.1598984771573604,1576,252
20210828,ios,分类标签页-一级页,全部,女生,流派,total,0.0,2,0
20210828,ios,分类标签页-一级页,全部,女生,热门,total,0.06895796847635727,4568,315
20210828,ios,分类标签页-一级页,全部,女生,风格,total,0.21739130434782608,391,85
20210828,ios,分类标签页-一级页,全部,男生,人物,total,0.1755464480874317,1464,257
20210828,ios,分类标签页-一级页,全部,男生,全部分类,total,0.4320424501954943,10742,4641
20210828,ios,分类标签页-一级页,全部,男生,情节,total,0.3333333333333333,3,1
20210828,ios,分类标签页-一级页,全部,男生,流派,total,0.2868470149253731,2144,615
20210828,ios,分类标签页-一级页,全部,男生,热门,total,0.09236201449544694,10762,994
20210828,ios,分类标签页-一级页,全部,男生,风格,total,0.15217391304347827,1012,154
20210828,ios,分类标签页-查看更多,二级页,二级页,二级页,total,0.8522504892367906,1022,871
20210829,android,书库,免费,女生,人物,total,0.3467741935483871,1364,473
20210829,android,书库,免费,女生,情节,total,0.5481511580658269,2461,1349
20210829,android,书库,免费,女生,热门,total,0.20419063270336893,2434,497
20210829,android,书库,免费,女生,风格,total,0.17543859649122806,1026,180
20210829,android,书库,免费,男生,人物,total,0.12719495722647456,4442,565
20210829,android,书库,免费,男生,流派,total,0.5108002468627855,4861,2483
20210829,android,书库,免费,男生,热门,total,0.3352709155075773,4817,1615
20210829,android,书库,免费,男生,风格,total,0.10510510510510511,1998,210
20210829,android,书库,全部,女生,人物,total,0.35297691373025514,1646,581
20210829,android,书库,全部,女生,情节,total,0.6474089635854342,2856,1849
20210829,android,书库,全部,女生,热门,total,0.15007112375533427,2812,422
20210829,android,书库,全部,女生,风格,total,0.20738974970202623,839,174
20210829,android,书库,全部,男生,人物,total,0.2611672644277796,3067,801
20210829,android,书库,全部,男生,流派,total,0.5588138746033483,9139,5107
20210829,android,书库,全部,男生,热门,total,0.37502777160630973,9002,3376
20210829,android,书库,全部,男生,风格,total,0.23297491039426524,1674,390
20210829,android,分类标签页-一级页,免费,女生,人物,total,0.18351870576339738,3956,726
20210829,android,分类标签页-一级页,免费,女生,全部分类,total,0.4297786303074291,19289,8290
20210829,android,分类标签页-一级页,免费,女生,情节,total,0.1998227735932654,9028,1804
20210829,android,分类标签页-一级页,免费,女生,热门,total,0.11269158093638464,19052,2147
20210829,android,分类标签页-一级页,免费,女生,风格,total,0.18105743628756182,2629,476
20210829,android,分类标签页-一级页,免费,男生,人物,total,0.15520968439256377,6939,1077
20210829,android,分类标签页-一级页,免费,男生,全部分类,total,0.37937039813059387,45362,17209
20210829,android,分类标签页-一级页,免费,男生,流派,total,0.3260109835247129,10015,3265
20210829,android,分类标签页-一级页,免费,男生,热门,total,0.10443600711299082,41614,4346
20210829,android,分类标签页-一级页,免费,男生,风格,total,0.1211139896373057,4632,561
20210829,android,分类标签页-一级页,全部,女生,人物,total,0.152317880794702,3171,483
20210829,android,分类标签页-一级页,全部,女生,全部分类,total,0.5241250930752047,13430,7039
20210829,android,分类标签页-一级页,全部,女生,情节,total,0.24694636218799787,5649,1395
20210829,android,分类标签页-一级页,全部,女生,热门,total,0.1323286849602639,13338,1765
20210829,android,分类标签页-一级页,全部,女生,风格,total,0.2661560555289612,2089,556
20210829,android,分类标签页-一级页,全部,男生,人物,total,0.2052812858783008,8710,1788
20210829,android,分类标签页-一级页,全部,男生,全部分类,total,0.6138213411893944,40054,24586
20210829,android,分类标签页-一级页,全部,男生,流派,total,0.38145338879373625,12261,4677
20210829,android,分类标签页-一级页,全部,男生,热门,total,0.1709267269629047,38145,6520
20210829,android,分类标签页-一级页,全部,男生,风格,total,0.2045611610228058,5788,1184
20210829,android,分类标签页-查看更多,二级页,二级页,二级页,total,0.8336805981125138,8159,6802
20210829,ios,书库,全部,女生,人物,total,0.5,8,4
20210829,ios,书库,全部,女生,情节,total,0.56,25,14
20210829,ios,书库,全部,女生,风格,total,0.3333333333333333,6,2
20210829,ios,书库,全部,男生,人物,total,0.2857142857142857,21,6
20210829,ios,书库,全部,男生,流派,total,0.5333333333333333,60,32
20210829,ios,书库,全部,男生,风格,total,0.2,10,2
20210829,ios,分类标签页-一级页,免费,女生,人物,total,0.13893376413570274,619,86
20210829,ios,分类标签页-一级页,免费,女生,全部分类,total,0.27996289424860854,5390,1509
20210829,ios,分类标签页-一级页,免费,女生,情节,total,0.08511465215701516,2573,219
20210829,ios,分类标签页-一级页,免费,女生,流派,total,0.0,3,0
20210829,ios,分类标签页-一级页,免费,女生,热门,total,0.06205871423262728,5382,334
20210829,ios,分类标签页-一级页,免费,女生,风格,total,0.1252847380410023,439,55
20210829,ios,分类标签页-一级页,免费,男生,人物,total,0.11572327044025157,795,92
20210829,ios,分类标签页-一级页,免费,男生,全部分类,total,0.2315072435958937,10423,2413
20210829,ios,分类标签页-一级页,免费,男生,情节,total,0.0,2,0
20210829,ios,分类标签页-一级页,免费,男生,流派,total,0.22239146991622238,1313,292
20210829,ios,分类标签页-一级页,免费,男生,热门,total,0.047312859884836855,10420,493
20210829,ios,分类标签页-一级页,免费,男生,风格,total,0.08288288288288288,555,46
20210829,ios,分类标签页-一级页,全部,女生,人物,total,0.1450381679389313,655,95
20210829,ios,分类标签页-一级页,全部,女生,全部分类,total,0.36763431542461006,4616,1697
20210829,ios,分类标签页-一级页,全部,女生,情节,total,0.16171825647504737,1583,256
20210829,ios,分类标签页-一级页,全部,女生,流派,total,0.0,2,0
20210829,ios,分类标签页-一级页,全部,女生,热门,total,0.0743712055507372,4612,343
20210829,ios,分类标签页-一级页,全部,女生,风格,total,0.240990990990991,444,107
20210829,ios,分类标签页-一级页,全部,男生,人物,total,0.17639429312581065,1542,272
20210829,ios,分类标签页-一级页,全部,男生,全部分类,total,0.4305907937658572,11036,4752
20210829,ios,分类标签页-一级页,全部,男生,情节,total,0.0,2,0
20210829,ios,分类标签页-一级页,全部,男生,流派,total,0.2833935018050541,2216,628
20210829,ios,分类标签页-一级页,全部,男生,热门,total,0.09476354412031165,11038,1046
20210829,ios,分类标签页-一级页,全部,男生,风格,total,0.1647940074906367,1068,176
20210829,ios,分类标签页-查看更多,二级页,二级页,二级页,total,0.8616236162361623,1084,934
20210830,android,书库,免费,女生,人物,total,0.33599361532322425,1253,421
20210830,android,书库,免费,女生,情节,total,0.5695864828812806,2249,1281
20210830,android,书库,免费,女生,热门,total,0.2070524412296564,2212,458
20210830,android,书库,免费,女生,风格,total,0.18429661941112324,917,169
20210830,android,书库,免费,男生,人物,total,0.11384091461931403,4111,468
20210830,android,书库,免费,男生,流派,total,0.5096045197740113,4425,2255
20210830,android,书库,免费,男生,热门,total,0.35020519835841313,4386,1536
20210830,android,书库,免费,男生,风格,total,0.10362400906002266,1766,183
20210830,android,书库,全部,女生,人物,total,0.3680694722778891,1497,551
20210830,android,书库,全部,女生,情节,total,0.6303592120509849,2589,1632
20210830,android,书库,全部,女生,热门,total,0.15435978004713274,2546,393
20210830,android,书库,全部,女生,风格,total,0.18855656697009102,769,145
20210830,android,书库,全部,男生,人物,total,0.26802345636426356,2899,777
20210830,android,书库,全部,男生,流派,total,0.5606538237011092,8565,4802
20210830,android,书库,全部,男生,热门,total,0.3685521166844539,8433,3108
20210830,android,书库,全部,男生,风格,total,0.23692501575299307,1587,376
20210830,android,分类标签页-一级页,免费,女生,人物,total,0.18764044943820224,3560,668
20210830,android,分类标签页-一级页,免费,女生,全部分类,total,0.43592303000055455,18033,7861
20210830,android,分类标签页-一级页,免费,女生,情节,total,0.19946840642744956,8277,1651
20210830,android,分类标签页-一级页,免费,女生,热门,total,0.11216527255375287,17813,1998
20210830,android,分类标签页-一级页,免费,女生,风格,total,0.18566638725901088,2386,443
20210830,android,分类标签页-一级页,免费,男生,人物,total,0.16088230757365418,6483,1043
20210830,android,分类标签页-一级页,免费,男生,全部分类,total,0.3778418261471063,43370,16387
20210830,android,分类标签页-一级页,免费,男生,流派,total,0.33753308628904183,9445,3188
20210830,android,分类标签页-一级页,免费,男生,热门,total,0.10358866103739445,39792,4122
20210830,android,分类标签页-一级页,免费,男生,风格,total,0.1285681132513344,4309,554
20210830,android,分类标签页-一级页,全部,女生,人物,total,0.14132762312633834,2802,396
20210830,android,分类标签页-一级页,全部,女生,全部分类,total,0.5170841001840442,12497,6462
20210830,android,分类标签页-一级页,全部,女生,情节,total,0.24662360540223136,5109,1260
20210830,android,分类标签页-一级页,全部,女生,热门,total,0.12761674718196458,12420,1585
20210830,android,分类标签页-一级页,全部,女生,风格,total,0.24958949096880131,1827,456
20210830,android,分类标签页-一级页,全部,男生,人物,total,0.1993984208547437,7979,1591
20210830,android,分类标签页-一级页,全部,男生,全部分类,total,0.6177945849418315,38079,23525
20210830,android,分类标签页-一级页,全部,男生,流派,total,0.3791498331284033,11386,4317
20210830,android,分类标签页-一级页,全部,男生,热门,total,0.16914421247138642,36259,6133
20210830,android,分类标签页-一级页,全部,男生,风格,total,0.1985307967602185,5309,1054
20210830,android,分类标签页-查看更多,二级页,二级页,二级页,total,0.8270306258322238,7510,6211
20210830,ios,书库,全部,女生,人物,total,0.3,10,3
20210830,ios,书库,全部,女生,情节,total,0.4782608695652174,23,11
20210830,ios,书库,全部,女生,风格,total,0.42857142857142855,7,3
20210830,ios,书库,全部,男生,人物,total,0.2,20,4
20210830,ios,书库,全部,男生,流派,total,0.5254237288135594,59,31
20210830,ios,书库,全部,男生,风格,total,0.2,5,1
20210830,ios,分类标签页-一级页,免费,女生,人物,total,0.12437810945273632,603,75
20210830,ios,分类标签页-一级页,免费,女生,全部分类,total,0.2719836400817996,5379,1463
20210830,ios,分类标签页-一级页,免费,女生,情节,total,0.08571428571428572,2590,222
20210830,ios,分类标签页-一级页,免费,女生,流派,total,0.6666666666666666,3,2
20210830,ios,分类标签页-一级页,免费,女生,热门,total,0.05982109578829668,5366,321
20210830,ios,分类标签页-一级页,免费,女生,风格,total,0.1784841075794621,409,73
20210830,ios,分类标签页-一级页,免费,男生,人物,total,0.14099526066350712,844,119
20210830,ios,分类标签页-一级页,免费,男生,全部分类,total,0.23444338725023786,10510,2464
20210830,ios,分类标签页-一级页,免费,男生,情节,total,0.3333333333333333,3,1
20210830,ios,分类标签页-一级页,免费,男生,流派,total,0.22302158273381295,1390,310
20210830,ios,分类标签页-一级页,免费,男生,热门,total,0.047396973446273916,10507,498
20210830,ios,分类标签页-一级页,免费,男生,风格,total,0.10152284263959391,591,60
20210830,ios,分类标签页-一级页,全部,女生,人物,total,0.09531772575250837,598,57
20210830,ios,分类标签页-一级页,全部,女生,全部分类,total,0.3673651359786001,4486,1648
20210830,ios,分类标签页-一级页,全部,女生,情节,total,0.15394736842105264,1520,234
20210830,ios,分类标签页-一级页,全部,女生,流派,total,0.0,5,0
20210830,ios,分类标签页-一级页,全部,女生,热门,total,0.06465997770345597,4485,290
20210830,ios,分类标签页-一级页,全部,女生,风格,total,0.22193211488250653,383,85
20210830,ios,分类标签页-一级页,全部,男生,人物,total,0.16496815286624203,1570,259
20210830,ios,分类标签页-一级页,全部,男生,全部分类,total,0.4346466541588493,11193,4865
20210830,ios,分类标签页-一级页,全部,男生,情节,total,0.0,3,0
20210830,ios,分类标签页-一级页,全部,男生,流派,total,0.2895092300765421,2221,643
20210830,ios,分类标签页-一级页,全部,男生,热门,total,0.09094970070579826,11193,1018
20210830,ios,分类标签页-一级页,全部,男生,风格,total,0.17472118959107807,1076,188
20210830,ios,分类标签页-查看更多,二级页,二级页,二级页,total,0.8352272727272727,1056,882
20210831,android,书库,免费,女生,人物,total,0.3137254901960784,1071,336
20210831,android,书库,免费,女生,情节,total,0.5612348178137652,1976,1109
20210831,android,书库,免费,女生,热门,total,0.18957588145120083,1957,371
20210831,android,书库,免费,女生,风格,total,0.14893617021276595,752,112
20210831,android,书库,免费,男生,人物,total,0.10786868160500261,3838,414
20210831,android,书库,免费,男生,流派,total,0.4995164410058027,4136,2066
20210831,android,书库,免费,男生,热门,total,0.3517073170731707,4100,1442
20210831,android,书库,免费,男生,风格,total,0.0979772439949431,1582,155
20210831,android,书库,全部,女生,人物,total,0.35038167938931297,1310,459
20210831,android,书库,全部,女生,情节,total,0.6265112262521589,2316,1451
20210831,android,书库,全部,女生,热门,total,0.1541501976284585,2277,351
20210831,android,书库,全部,女生,风格,total,0.19736842105263158,684,135
20210831,android,书库,全部,男生,人物,total,0.25681818181818183,2640,678
20210831,android,书库,全部,男生,流派,total,0.5584853786553362,8002,4469
20210831,android,书库,全部,男生,热门,total,0.3650248186330661,7857,2868
20210831,android,书库,全部,男生,风格,total,0.22053756030323915,1451,320
20210831,android,分类标签页-一级页,免费,女生,人物,total,0.18374338212394892,3211,590
20210831,android,分类标签页-一级页,免费,女生,全部分类,total,0.43093093093093093,16650,7175
20210831,android,分类标签页-一级页,免费,女生,情节,total,0.20050491629019399,7526,1509
20210831,android,分类标签页-一级页,免费,女生,热门,total,0.11303344867358708,16473,1862
20210831,android,分类标签页-一级页,免费,女生,风格,total,0.17668825161887142,2162,382
20210831,android,分类标签页-一级页,免费,男生,人物,total,0.15944685104965012,6002,957
20210831,android,分类标签页-一级页,免费,男生,全部分类,total,0.3779086608091146,41428,15656
20210831,android,分类标签页-一级页,免费,男生,流派,total,0.32644956314535345,8813,2877
20210831,android,分类标签页-一级页,免费,男生,热门,total,0.10100691432026711,38037,3842
20210831,android,分类标签页-一级页,免费,男生,风格,total,0.12234175631723793,3997,489
20210831,android,分类标签页-一级页,全部,女生,人物,total,0.13280318091451293,2515,334
20210831,android,分类标签页-一级页,全部,女生,全部分类,total,0.5116854315933128,11724,5999
20210831,android,分类标签页-一级页,全部,女生,情节,total,0.2336065573770492,4636,1083
20210831,android,分类标签页-一级页,全部,女生,热门,total,0.1257304915778618,11636,1463
20210831,android,分类标签页-一级页,全部,女生,风格,total,0.24463007159904535,1676,410
20210831,android,分类标签页-一级页,全部,男生,人物,total,0.1952902963865205,7389,1443
20210831,android,分类标签页-一级页,全部,男生,全部分类,total,0.614997813729777,36592,22504
20210831,android,分类标签页-一级页,全部,男生,流派,total,0.37104326652931263,10678,3962
20210831,android,分类标签页-一级页,全部,男生,热门,total,0.16068920042429977,34881,5605
20210831,android,分类标签页-一级页,全部,男生,风格,total,0.2007833436404865,4851,974
20210831,android,分类标签页-查看更多,二级页,二级页,二级页,total,0.8288447387785136,6795,5632
20210831,ios,书库,全部,女生,人物,total,0.05263157894736842,19,1
20210831,ios,书库,全部,女生,情节,total,0.6451612903225806,31,20
20210831,ios,书库,全部,女生,风格,total,0.4444444444444444,9,4
20210831,ios,书库,全部,男生,人物,total,0.21052631578947367,19,4
20210831,ios,书库,全部,男生,流派,total,0.5964912280701754,57,34
20210831,ios,书库,全部,男生,风格,total,0.4,10,4
20210831,ios,分类标签页-一级页,免费,女生,人物,total,0.1157167530224525,579,67
20210831,ios,分类标签页-一级页,免费,女生,全部分类,total,0.2640513013956997,5302,1400
20210831,ios,分类标签页-一级页,免费,女生,情节,total,0.07984496124031008,2580,206
20210831,ios,分类标签页-一级页,免费,女生,流派,total,0.0,2,0
20210831,ios,分类标签页-一级页,免费,女生,热门,total,0.05478934441715473,5293,290
20210831,ios,分类标签页-一级页,免费,女生,风格,total,0.1966019417475728,412,81
20210831,ios,分类标签页-一级页,免费,男生,人物,total,0.11149425287356322,870,97
20210831,ios,分类标签页-一级页,免费,男生,全部分类,total,0.23273609555804406,10716,2494
20210831,ios,分类标签页-一级页,免费,男生,情节,total,1.0,1,1
20210831,ios,分类标签页-一级页,免费,男生,流派,total,0.20554765291607396,1406,289
20210831,ios,分类标签页-一级页,免费,男生,热门,total,0.046774344132200545,10711,501
20210831,ios,分类标签页-一级页,免费,男生,风格,total,0.08538587848932677,609,52
20210831,ios,分类标签页-一级页,全部,女生,人物,total,0.1445993031358885,574,83
20210831,ios,分类标签页-一级页,全部,女生,全部分类,total,0.3564356435643564,4444,1584
20210831,ios,分类标签页-一级页,全部,女生,情节,total,0.15729585006693442,1494,235
20210831,ios,分类标签页-一级页,全部,女生,流派,total,0.0,3,0
20210831,ios,分类标签页-一级页,全部,女生,热门,total,0.07278053177106805,4438,323
20210831,ios,分类标签页-一级页,全部,女生,风格,total,0.20053475935828877,374,75
20210831,ios,分类标签页-一级页,全部,男生,人物,total,0.155257586450247,1417,220
20210831,ios,分类标签页-一级页,全部,男生,全部分类,total,0.4355644355644356,11011,4796
20210831,ios,分类标签页-一级页,全部,男生,情节,total,0.0,2,0
20210831,ios,分类标签页-一级页,全部,男生,流派,total,0.2683982683982684,2079,558
20210831,ios,分类标签页-一级页,全部,男生,热门,total,0.08769063180827887,11016,966
20210831,ios,分类标签页-一级页,全部,男生,风格,total,0.15966386554621848,952,152
20210831,ios,分类标签页-查看更多,二级页,二级页,二级页,total,0.8333333333333334,966,805
